Year,Average_Youth_Salary,Average_Monthly_Rent
2016,806.48,715.23
2017,838.13,739.23
2018,835.92,784.82
2019,870.6,776.37
2020,895.79,834.79
2021,936.57,866.06
2022,932.53,911.96
2023,997.79,1045.0696120623634
2024,1041.97,1063.0016556334565
2025,1048.0,1072.0
